soru,cevap,veri türü,kaynak,context,Score
"Türkiye Büyük Millet Meclisi Genel Kurulu, bir ilçenin başka bir ile bağlanmasına ilişkin kanun teklifini görüşmek üzere 175 milletvekiliyle toplanır. Toplantıya katılan milletvekillerinin tamamı Kanun’un kabul edilmesi yönünde oy kullanır. 1982 Anayasası’na göre olayla ilgili aşağıdaki ifadelerden hangisi doğrudur?",Karar yeter sayısı sağlanmış olsa da toplantı yeter sayısı sağlanamamış olduğundan Kanun Anayasa’ya aykırıdır.,hukuk,1982 Anayasası,HMGS 2025 1. Sınav,8
Bakan B hakkında meclis soruşturması açılır ve kendisi hakkında Yüce Divan’a sevk kararı alınır. 1982 Anayasası’na göre olayla ilgili aşağıdaki ifadelerden hangisi yanlıştır?,Yüce Divan’a sevk kararı üzerine B’nin bakanlık görevi sona ermiştir.,hukuk,1982 Anayasası,HMGS 2025 1. Sınav,8
Genel seçimlere 16 ay kala bir ilin Türkiye Büyük Millet Meclisinde kalan son üyesi vefat eder. 1982 Anayasası’na göre milletvekilinin vefatı üzerine kural olarak üyelikten boşalmayı takip eden kaç günden sonraki ilk pazar günü ara seçim yapılmalıdır?,90,hukuk,1982 Anayasası,HMGS 2025 1. Sınav,8
Millî Güvenlik Kurulunun gündemi düzenlenirken aşağıdakilerden hangisinin önerilerinin dikkate alınacağı 1982 Anayasası’nda açıkça düzenlenmiştir?,Cumhurbaşkanı yardımcısı,hukuk,1982 Anayasası,HMGS 2025 1. Sınav,8
"Ankara idare mahkemesi, önüne gelen bir iptal davasında uygulanacak bir kanun hükmünün Anayasa’ya aykırı olduğu iddiasını ciddi bularak Anayasa Mahkemesi’ne başvuruda bulunur ve bu başvurunun üzerinden 4 ay geçer. Anayasa Mahkemesi ise henüz bu konuda bir karar vermemiştir. 1982 Anayasası’na göre Ankara idare mahkemesinin bu aşamadan sonra yapması gereken işlem aşağıdakilerden hangisidir?",Davayı 1 ay süreyle daha geriye bıraktıktan sonra Anayasa Mahkemesi hâlâ karar vermemişse yürürlükteki mevcut düzenlemeye göre karar verir.,hukuk,1982 Anayasası,HMGS 2025 1. Sınav,8
1982 Anayasası’na göre mahallî idarelerin hesap ve işlemlerinin denetimi ve kesin hükme bağlanması aşağıdakilerin hangisi tarafından yapılır?,Sayıştay,hukuk,1982 Anayasası,HMGS 2025 1. Sınav,8
"Serbest avukat olan Betül, Anayasa Mahkemesi üyesi olmak ister ve adaylık başvurusunda bulunur. 1982 Anayasası’na göre üyelik için diğer şartları sağlayan Betül, aşağıdaki hangi süreçten geçerek Anayasa Mahkemesi üyesi olabilir?",Baro başkanlarının yapacağı seçimde en çok oy alan ilk 3 aday arasına girdikten sonra TBMM Genel Kurulu tarafından seçilerek,hukuk,1982 Anayasası,HMGS 2025 1. Sınav,8
6216 sayılı Anayasa Mahkemesinin Kuruluşu ve Yargılama Usulleri Hakkında Kanun’a göre Anayasa Mahkemesine yapılan bireysel başvuru neticesinde Mahkemenin esas hakkındaki incelemesiyle ilgili aşağıdaki ifadelerden hangisi doğrudur?,Yeniden yargılama yapılmasında hukuki yarar bulunmayan hâllerde başvurucu lehine tazminata hükmedilebilir.,hukuk,6216 sayılı Anayasa Mahkemesinin Kuruluşu ve Yargılama Usulleri Hakkında Kanun,HMGS 2025 1. Sınav,8
"6216 sayılı Anayasa Mahkemesinin Kuruluşu ve Yargılama Usulleri Hakkında Kanun’a göre kanunların esas yönünden Anayasa’ya aykırılığı iddiasıyla doğrudan doğruya iptal davası açma hakkı, Resmî Gazete’de yayımlanmasından başlayarak kural olarak kaç gün sonra düşer?",60,hukuk,6216 sayılı Anayasa Mahkemesinin Kuruluşu ve Yargılama Usulleri Hakkında Kanun,HMGS 2025 1. Sınav,8
"“… kamu düzenini ve idarede bütünlüğü sağlamak için kamu yararı amacıyla kanunların verdiği yetkiye dayanarak merkezî idarenin, yerel yönetimin organları ve bunların bazı işlemleri ile harcamaları üzerinde kamu hizmetinin gereklerine uygun olarak kullanılan bir denetim şeklidir. Merkezi idareye verilen bu yetki ile kamu düzeni bakımından ülkede genelliği ve bütünlüğü sağlama amacı güdülmüştür.” Bir Danıştay kararından alınan bu ifadede aşağıdaki kavramlardan hangisi vurgulanmaktadır?",İdari vesayet,hukuk,2577 sayılı İdari Yargılama Usulü Kanunu,HMGS 2025 1. Sınav,8
Aşağıdakilerden hangisi 1982 Anayasası’nın idare hukukuyla ilgili hükümleri arasında yer almaz?,İdarenin takdir yetkisine istinaden tesis ettiği işlemler yargı denetimi dışındadır.,hukuk,1982 Anayasası,HMGS 2025 1. Sınav,8
"Osmaniye Cumhuriyet BaşsavcISI, il merkezinde görev yapan memur A’nın görevi sebebiyle bir suç işlediğini öğrenir. İvedilikle toplanması gerekli ve kaybolma ihtimali bulunan delilleri tespit ettikten sonra elindeki evrakın bir örneğini de göndermek suretiyle Osmaniye valisinden soruşturma izni ister. Kanuni süre içinde Osmaniye valisi tarafından soruşturma izni verilmez ve bu karar ilgililere bildirilir. 4483 sayılı Memurlar ve Diğer Kamu Görevlilerinin Yargılanması Hakkında Kanun’a göre I. Şikâyetçi II. Osmaniye Cumhuriyet Başsavcılığı III. Memur A sayılanlardan hangileri soruşturma izni verilmemesi kararına karşı itiraz yoluna gidebilir?",I ve II,hukuk,4483 sayılı Memurlar ve Diğer Kamu Görevlilerinin Yargılanması Hakkında Kanun,HMGS 2025 1. Sınav,8
"Aday memur A uyarma cezası, A’nın kurumdaki arkadaşı aday memur B ise aylıktan kesme cezası almıştır. A ve B’nin, disiplin amirinin kararı ile memuriyetle ilişikleri kesilmiştir. 657 sayılı Devlet Memurları Kanunu’na göre olayla ilgili aşağıdaki ifadelerden hangisi doğrudur?","Sadece B’nin memuriyetle ilişiğinin kesilmesi gerekir ve bu karar, disiplin amirinin teklifi ve atamaya yetkili amirinin onayıyla verilir.",hukuk,657 sayılı Devlet Memurları Kanunu,HMGS 2025 1. Sınav,8
6328 sayılı Kamu Denetçiliği Kurumu Kanunu’na göre Kamu Denetçiliği Kurumuna yapılacak başvurular ile ilgili aşağıdaki ifadelerden hangisi doğrudur?,Elektronik ortamda başvuru yapılabilmesi mümkündür.,hukuk,6328 sayılı Kamu Denetçiliği Kurumu Kanunu,HMGS 2025 1. Sınav,8
"Hâkim H’ye, Adalet Bakanı tarafından meslekten çıkarma cezası verilir. Bu idari işleme karşı iptal davası açan H, dava dilekçesinde I. kendisine ancak Hâkimler ve Savcılar Kurulunun disiplin cezası verebileceğini, II. ceza verilmeden önce savunmasının alınmadığını, III. kendisine meslekten çıkarma cezası değil yer değiştirme cezası uygulanması gerektiğini iddia eder. H’nin iddiaları, sırasıyla dava konusu idari işlemin hangi unsurlarına ilişkindir?",I – Yetki II – Şekil III – Konu,hukuk,2577 sayılı İdari Yargılama Usulü Kanunu,HMGS 2025 1. Sınav,8
2575 sayılı Danıştay Kanunu’na göre Danıştay üyelerinin hangi dairede görev yapacağını belirleme yetkisi aşağıdakilerden hangisine aittir?,Danıştay Başkanlık Kurulu,hukuk,2575 sayılı Danıştay Kanunu,HMGS 2025 1. Sınav,8
"Şüheda, ülke çapında uygulanma kabiliyetine sahip bir yönetmelik hükmünün iptali talebini içeren dava dilekçesini Danıştaya teslim eder. Danıştay Genel Sekreterliği, dava dilekçesini Danıştay 5. Dairesine havale eder. 2577 sayılı İdari Yargılama Usulü Kanunu’na göre Şüheda’nın dilekçesi üzerinde ilk inceleme, kural olarak aşağıdakilerin hangisi tarafından yapılır?",Danıştay 5. Dairesi Başkanı’nın görevlendireceği tetkik hâkimi,hukuk,2577 sayılı İdari Yargılama Usulü Kanunu,HMGS 2025 1. Sınav,8
2577 sayılı İdari Yargılama Usulü Kanunu’na göre ivedi yargılama usulüyle igili aşağıdaki ifadelerden hangisi doğrudur?,Savunmaya cevap ve idarenin ikinci savunması aşamaları söz konusu olmaksızın dosya tekemmül eder.,hukuk,2577 sayılı İdari Yargılama Usulü Kanunu,HMGS 2025 1. Sınav,8
4721 sayılı Türk Medeni Kanunu’na göre aşağıdakilerden hangisi derneğin kendiliğinden sona erdiği hâllerden biri değildir?,Derneğin amacının ahlaka aykırı hâle gelmesi,hukuk,4721 sayılı Türk Medeni Kanunu,HMGS 2025 1. Sınav,8
Türk medeni hukukuna göre aşağıdaki kişilerden hangisi fiil ehliyeti bakımından tam ehliyetsizdir?,Ayırt etme gücü bulunmayan ergin akıl hastası,hukuk,4721 sayılı Türk Medeni Kanunu,HMGS 2025 1. Sınav,8
4721 sayılı Türk Medeni Kanunu’na göre bir konfederasyon kural olarak en az kaç federasyonun amaçlarını gerçekleştirmek üzere üye sıfatıyla bir araya gelmeleri suretiyle kurulur?,3,hukuk,4721 sayılı Türk Medeni Kanunu,HMGS 2025 1. Sınav,8
"Eşler, evlilik birliğinin temelden sarsılması ve bu durumun kendileri açısından ortak hayatın devamının beklenemez hâle gelmesi durumunda anlaşma yoluyla boşanabilirler. Aşağıdakilerden hangisi 4721 sayılı Türk Medeni Kanunu’na göre hâkimin eşlerin evlilik birliğinin temelden sarsılması nedeniyle boşanması yönünde karar verebilmesi için gereken şartlardan biri değildir?",Tarafların daha önce karşılıklı anlaşma yoluyla boşanma için mahkemeye başvurmuş olup taleplerinin reddedilmemiş olması,hukuk,4721 sayılı Türk Medeni Kanunu,HMGS 2025 1. Sınav,8
4721 sayılı Türk Medeni Kanunu’na göre aşağıdaki durumların hangisinde eşter arasında geçerli olan mal ortaklığı kendiliğinden mal ayrılığına dönüşür?,Eşlerden birinin iflasına karar verilmiş olması,hukuk,4721 sayılı Türk Medeni Kanunu,HMGS 2025 1. Sınav,8
4721 sayılı Türk Medeni Kanunu’na göre boşanmanın mali sonuclariyla ilgili aşağıdaki ifadelerden hangisi yanlıştır?,Taraflar arasında kusursuz veya daha az kusurlu olan tarafa maddi tazminat ödenmesine hâkim resen karar verir.,hukuk,4721 sayılı Türk Medeni Kanunu,HMGS 2025 1. Sınav,8
"Yardım edilmediği takdirde yoksulluğa düşecek olan üst soy ve alt soy ile kardeşlere verilen nafaka, yardım nafakası olarak adlandırılır. 4721 sayılı Türk Medeni Kanunu’na göre yardım nafakasıyla ilgili aşağıdaki ifadelerden hangisi yanlıştır?","Nafaka talep hakkı, sahibinin ölümü hâlinde mirasçılarına geçer.",hukuk,4721 sayılı Türk Medeni Kanunu,HMGS 2025 1. Sınav,8
"A ile B, 01.06.2021 tarihinde evlenir. A, 01.04.2023 tarihinde küçük düşürücü nitelikte bir suç işler. B ise bu sebebe dayanarak boşanma davası açmayı düşünmeye başlar. 4721 sayılı Türk Medeni Kanunu’na göre olayla ilgili aşağıdaki ifadelerden hangisi doğrudur?",A’nın işlediği suçtan dolayı eşiyle birlikte yaşaması B’den beklenemezse boşanma davası bu sebebe dayanarak her zaman açılabilir.,hukuk,4721 sayılı Türk Medeni Kanunu,HMGS 2025 1. Sınav,8
4721 sayılı Türk Medeni Kanunu’na göre aşağıdakilerden hangisi anapara ipoteğinin alacaklıya sağladığı güvencenin kapsamında değildir?,Borcun ödenmemesi hâlinde rehinli taşınmazın mülkiyetinin alacaklıya geçmesi,hukuk,4721 sayılı Türk Medeni Kanunu,HMGS 2025 1. Sınav,8
"Kaybedilmiş bir şeyi bulan kimse; malın sahibine, sahibini bilmiyorsa kolluk kuvvetlerine, köylerde muhtara bildirmek veya araştırma yapmak ve gerektiğinde ilân etmek zorundadır. 4721 sayılı Türk Medeni Kanunu’na göre bulunan şeyin maliki; ilân veya kolluk kuvvetlerine ya da muhtara bildirme tarihinden başlayarak kural olarak kaç yıl içinde ortaya çıkmazsa bulan kimse, yükümlülüklerini yerine getirmiş olmak koşuluyla o şeyin mülkiyetini kazanır?",5,hukuk,4721 sayılı Türk Medeni Kanunu,HMGS 2025 1. Sınav,8
"Gözde ve Damla arasında yapılan bir sözleşmeye istinaden Gözde, bir bölümünü kendisinin kullandığı ve mülkiyeti kendisine ait olan binanın bir bölümü üzerinde Damla’nın şahsına oturma hakkı tanır. Sözleşmede bu haktan Damla’nın ailesinin yararlanabileceğine dair bir karar alınmaz. 4721 sayılı Türk Medeni Kanunu’na göre olayla ilgili aşağıdaki ifadelerden hangisi doğrudur?","Tanınan hak, başkasına devredilemez ve mirasçılara geçmez.",hukuk,4721 sayılı Türk Medeni Kanunu,HMGS 2025 1. Sınav,8
4721 sayılı Türk Medeni Kanunu’na göre resmî vasiyetnameyle ilgili aşağıdaki ifadelerden hangisi yanlıştır?,Okur yazar olmayanlar düzenlenmesine tanık olarak katılabilirler.,hukuk,4721 sayılı Türk Medeni Kanunu,HMGS 2025 1. Sınav,8
"M; öldüğünde geride annesi A, kardeşi B ve kendisinden önce ölen kardeşi C’nin kızı D kalmıştır. 4721 sayılı Türk Medeni Kanunu’na göre D’nin yasal miras payı aşağıdakilerden hangisidir?",1/4,hukuk,4721 sayılı Türk Medeni Kanunu,HMGS 2025 1. Sınav,8
Aşağıdakilerden hangisi 4721 sayılı Türk Medeni Kanunu’nda ölüme bağlı tasarrufların iptali için dava açabilme sebepleri arasında sayılmamıştır?,Tasarruf konusu edim tasarruf yapıldığı sırada terekede bulunmuyorsa,hukuk,4721 sayılı Türk Medeni Kanunu,HMGS 2025 1. Sınav,8
4721 sayılı Türk Medeni Kanunu’na göre mirasın reddi ile ilgili aşağıdaki ifadelerden hangisi yanlıştır?,"Miras, diğer mirasçıların da mirası reddetmesi şartıyla reddedilebilir.",hukuk,4721 sayılı Türk Medeni Kanunu,HMGS 2025 1. Sınav,8
B ve C; A’dan almış oldukları 200.000 TL tutarındaki borcun tamamından sorumlu olmayı kabul ettiklerini A’ya bildirir. 6098 sayılı Türk Borçlar Kanunu’na göre olayla ilgili aşağıdaki ifadelerden hangisi yanlıştır?,"Zaman aşımı, B’ye karşı kesilince C’ye karşı kesilmiş olmaz.",hukuk,6098 sayılı Türk Borçlar Kanunu,HMGS 2025 1. Sınav,8
6098 sayılı Türk Borçlar Kanunu’na göre sözleşmeden doğan borç ilişkilerinde meydana gelen irade bozukluklarıyla ilgili aşağıdaki ifadelerden hangisi yanlıştır?,Korkutmadan dolayı bağlayıcılığı olmayan bir sözleşmenin onanmış sayılması tazminat hakkını ortadan kaldırır.,hukuk,6098 sayılı Türk Borçlar Kanunu,HMGS 2025 1. Sınav,8
6098 sayılı Türk Borçlar Kanunu’na göre haksıZ fiilden doğan borç ilişkilerinde sorumlulukla ilgili aşağıdaki ifadelerden hangisi yanlıştır?,"Hâkim, zarara ağır kusuruyla sebep olan tazminat yükümlüsünün tazminatı ödediğinde yoksulluğa düşecek olması hâlinde tazminatı resen indirir.",hukuk,6098 sayılı Türk Borçlar Kanunu,HMGS 2025 1. Sınav,8
"Taraflar arasında yapılan ticari olmayan tüketim ödüncü sözleşmesi uyarınca Erdem, arkadaşı Kaan’a 200.000 TL borç para verir. Taraflar, Kaan’ın aldığı ödüncü 3 ay sonra iade edeceği hususunda anlaşır. Sözleşmede Kaan’ın borcunun ifa yerine ve faiz ödenmesi gerektiğine dair herhangi bir düzenleme bulunmaz. 6098 sayılı Türk Borçlar Kanunu’na göre olayla ilgili I. Kaan, Erdem’in faiz talebini karşılamakla yükümlü değildir. II. Sözleşmenin geçerliliği, yazılı şekilde yapılmasına bağlıdır. III. Kaan, borcunu kural olarak Erdem’in ödeme zamanındaki yerleşim yerinde ifa ederek borçtan kurtulur. ifadelerinden hangileri doğrudur?",I ve III,hukuk,6098 sayılı Türk Borçlar Kanunu,HMGS 2025 1. Sınav,8
6098 sayılı Türk Borçlar Kanunu’na göre alacağın devriyle ilgili aşağıdaki ifadelerden hangisi doğrudur?,Alacağın devriyle devredenin kişiliğine özgü olanlar dışındaki öncelik hakları ve bağlı haklar da devralana geçer.,hukuk,6098 sayılı Türk Borçlar Kanunu,HMGS 2025 1. Sınav,8
"Trafik kazasına karışan otomobilini satmak isteyen A, satım işlemleri sırasında aracın muayenesini yapan B ile önceden anlaşarak aracın kaza geçirmediğini bildiren bir rapor yazması yönünde anlaşır. C ise bu rapora güvenerek 04.02.2025 tarihinde satış sözleşmesi imzalayarak aracı satın alır ve aynı gün aracın mülkiyetini kazanır. C, aracın daha önce kazaya karışmadığı konusunda aldatıldığını 03.06.2025 tarihinde öğrenir. 6098 sayılı Türk Borçlar Kanunu’na göre C, en geç hangi tarihe kadar sözleşmeyle bağlı olmadığını bildirmez veya ödediği parayı geri istemezse satım sözleşmesini onamış sayılır?",03.06.2026,hukuk,6098 sayılı Türk Borçlar Kanunu,HMGS 2025 1. Sınav,8
"Yerleşim yeri Nevşehir olan Özlem, yerleşim yeri Tokat olan Defne’nin uzun zamandır aradığı el yazması eseri gezme amacıyla gittiği Balıkesir’de bulur ve satın alır. Özlem, eseri Ankara’ya ailesinin yanına getirip burada bırakır. Özlem ile Defne, bir hafta sürecek bir iş için İstanbul’da bir araya geldiklerinde satış sözleşmesi kurulur. Taraflar, kararlaştırılan bedelin Özlem’in banka hesabına yatırıldığı günden itibaren bir ay içinde eserin teslim edileceği konusunda anlaşır. Fakat eserin ifa yeri hakkında herhangi bir anlaşma da yapılmaz. 6098 sayılı Türk Borçlar Kanunu’na göre Özlem ile Defne’nin ifa yeri hakkında anlaşmazlık yaşaması hâlinde el yazması eserin ifa yeri kural olarak aşağıdakilerden hangisidir?",Ankara,hukuk,6098 sayılı Türk Borçlar Kanunu,HMGS 2025 1. Sınav,8
6098 sayılı Türk Borçlar Kanunu’na göre ceza koşuluyla ilgili aşağıdaki ifadelerden hangisi yanlıştır?,"Hâkim, aşırı gördüğü ceza koşulunu ancak borçlunun istemi hâlinde indirebilir.",hukuk,6098 sayılı Türk Borçlar Kanunu,HMGS 2025 1. Sınav,8
"6098 sayılı Türk Borçlar Kanunu’na göre konut ve çatılı iş yeri kiralarında kiraya veren; gereksinim amacıyla kiralananın boşaltılmasını sağladığında haklı sebep olmaksızın kiralananı, kural olarak en az kaç yıl geçmedikçe eski kiracısından başkasına kiralayamaz?",3,hukuk,6098 sayılı Türk Borçlar Kanunu,HMGS 2025 1. Sınav,8
"Aşağıdakilerden hangisi 6098 sayılı Türk Borçlar Kanunu’nda kullanım ödüncü sözleşmesinde, kullanım için bir süre kararlaştırılmış olsa dahi ödünç verenin ödünç konusunu bu sürenin sona ermesinden daha önce geri isteyebileceği durumlar arasında sayılmamıştır?",Ödünç konusunun ödünç alanın olağan kullanımından doğan eskime sebebiyle ekonomik değerinin düşmesi,hukuk,6098 sayılı Türk Borçlar Kanunu,HMGS 2025 1. Sınav,8
6098 sayılı Türk Borçlar Kanunu’na göre taşınır satış sözleşmesinde ayıptan sorumlulukla ilgili aşağıdaki ifadelerden hangisi yanlıştır?,"Satıcı, satılandaki ayıbın varlığını bilmediği takdirde ayıptan sorumlu olmaz.",hukuk,6098 sayılı Türk Borçlar Kanunu,HMGS 2025 1. Sınav,8
6098 sayılı Türk Borçlar Kanunu’na göre aşağıdakilerden hangisi tarafların kira sözleşmesini kural olarak herhangi bir yasal fesih bildirim süresine uymaksızın hemen feshedebileceği durumlardan biridir?,"Kiralananın tesliminden sonra iflas eden kiracıya ve iflas masasına, kiraya veren tarafından usulüne uygun olarak verilen süre içinde güvence verilmemesi",hukuk,6098 sayılı Türk Borçlar Kanunu,HMGS 2025 1. Sınav,8
Ticaret siciline tescilin etkisiyle ilgili aşağıdaki ifadelerden hangisi doğrudur?,"İşletme adının, Türk Ticaret Kanunu’ndaki işletme adının korunmasına ilişkin hükümlere göre korunmasında sicile tescil kurucu etkiye sahiptir.",hukuk,6102 sayılı Türk Ticaret Kanunu,HMGS 2025 1. Sınav,8
6102 sayılı Türk Ticaret Kanunu’na göre haksız rekabet hâlinde açılabilecek davalarla ilgili aşağıdaki ifadelerden hangisi doğrudur?,Manevi tazminat davası koşulların varlığı hâlinde müşteriler tarafından da açılabilir.,hukuk,6102 sayılı Türk Ticaret Kanunu,HMGS 2025 1. Sınav,8
6102 sayılı Türk Ticaret Kanunu’na göre belirsiz süre için yapılmış acentelik sözleşmelerinde fesih için ihbarda bulunma süresi kural olarak kaç aydır?,3,hukuk,6102 sayılı Türk Ticaret Kanunu,HMGS 2025 1. Sınav,8
Merkezi Türkiye’de bulunan işletmelerde şube olmaya bağlanan sonuçlarla ilgili aşağıdaki ifadelerden hangisi yanlıştır?,Şubeye ayrı sermaye tahsisi zorunludur.,hukuk,6102 sayılı Türk Ticaret Kanunu,HMGS 2025 1. Sınav,8
6102 sayılı Türk Ticaret Kanunu’na göre limited ortaklıkta esas sermaye payının I. miras II. mevcut ortaklar arasındaki devir III. eşler arasındaki mal rejimi IV. icra yoluyla devri hâllerinin hangilerinde payın mülkiyetinin geçmesi için kural olarak genel kurulun onayı gerekir?,Yalnız II,hukuk,6102 sayılı Türk Ticaret Kanunu,HMGS 2025 1. Sınav,8
6102 sayılı Türk Ticaret Kanunu’na göre anonim şirket esas sözleşmesinde I. şirketin işletme konusunun tamamen değiştirilmesi II. nama yazılı payların devrinin sınırlandırılması III. sermayenin artırılması ve kayıtlı sermaye tavanının yükseltilmesi değişikliklerinden hangileri sermayenin en az yüzde yetmiş beşini oluşturan payların sahiplerinin veya temsilcilerinin olumlu oylarını gerektirir?,I ve II,hukuk,6102 sayılı Türk Ticaret Kanunu,HMGS 2025 1. Sınav,8
Z Anonim Şirketi’nin esas sermayesi 5.000.000 TL’dir. Pay sahibi A’nın paylarının itibari değeri toplamı 125.000 TL’dir. A şirket işleri hakkında özel denetim talebinde bulunmak istemektedir. 6102 sayılı Türk Ticaret Kanunu’na göre olayla ilgili aşağıdaki ifadelerden hangisi doğrudur?,"A’nın usulüne uygun özel denetim talebi genel kurulda reddedilirse A, mahkemeye başvurarak özel denetçi atanmasını talep edemez.",hukuk,6102 sayılı Türk Ticaret Kanunu,HMGS 2025 1. Sınav,8
Bir adi ortaklıkta yönetim hak ve görevi şirket sözleşmesiyle ortaklardan A’ya verilir. Buna göre haklı bir sebebin varlığı hâlinde A’nın yönetim yetkisinin kaldırılmasıyla ilgili aşağıdaki ifadelerden hangisi doğrudur?,"Herhangi bir ortak, yönetim yetkisini kaldırabilir.",hukuk,6102 sayılı Türk Ticaret Kanunu,HMGS 2025 1. Sınav,8
"6102 sayılı Türk Ticaret Kanunu’na göre poliçede araya girmek suretiyle ödemede bulunan kişi, sorumluluğunun doğmaması için lehine araya girdiği borçluya durumu kaç iş günü içinde ihbar etmelidir?",2,hukuk,6102 sayılı Türk Ticaret Kanunu,HMGS 2025 1. Sınav,8
I. Konişmento II. Bono III. Çek Yukarıdakilerden hangileri kambiyo senetleridir?,II ve III,hukuk,6102 sayılı Türk Ticaret Kanunu,HMGS 2025 1. Sınav,8
I. Görüldüğünde ödenecek II. Görüldükten belirli süre sonra ödenecek III. Belirli bir günde ödenecek IV. Düzenlenme gününden belirli bir süre sonra ödenecek 6102 sayılı Türk Ticaret Kanunu’na göre yukarıda belirtilen vadelerden hangilerini taşıyan poliçelerde anapara faizi şartı yazılabilir?,I ve II,hukuk,6102 sayılı Türk Ticaret Kanunu,HMGS 2025 1. Sınav,8
6102 sayılı Türk Ticaret Kanunu’nda aşağıdakilerden hangisi poliçenin ödenmemesi durumunda hamilin başvuru hakkının kapsamı dâhilinde sayılmamıştır?,Keşide tarihiyle kabul etmeme veya ödememe protestosunun çekildiği tarihler arasındaki dönem için hesaplanacak temerrüt faizi,hukuk,6102 sayılı Türk Ticaret Kanunu,HMGS 2025 1. Sınav,8
"6100 sayılı Hukuk Muhakemeleri Kanunu’na göre isticvap ile ilgili I. Mahkeme, kendiliğinden tarafların isticvabına karar veremez. II. İsticvap esnasında karşı taraf ve taraf vekilleri hazır bulunamaz. III. İsticvap olunan taraf, mahkemenin izni olmadıkça yazılı notlar kullanamaz. ifadelerinden hangileri doğrudur?",Yalnız III,hukuk,6100 sayılı Hukuk Muhakemeleri Kanunu,HMGS 2025 1. Sınav,8
"6100 sayılı Hukuk Muhakemeleri Kanunu’na göre vekilin I. tahkim anlaşması yapma, II. davanın tamamını ıslah etme, III. yargılamanın iadesi yoluna başvurma işlemlerinden hangilerini yapabilmesi için özel olarak yetkilendirilmesi gerekir?","I, II ve III",hukuk,6100 sayılı Hukuk Muhakemeleri Kanunu,HMGS 2025 1. Sınav,8
6100 sayılı Hukuk Muhakemeleri Kanunu’na göre mahkemede veya mahkeme dışında hâkim huzuruyla yapılacak bütün işlemlerde kural olarak aşağıdakilerden hangisinin bulunması zorunludur?,Zabit kâtibi,hukuk,6100 sayılı Hukuk Muhakemeleri Kanunu,HMGS 2025 1. Sınav,8
6100 sayılı Hukuk Muhakemeleri Kanunu’na göre hâkimin hukuki sorumluluğuna yönelik açılacak olan tazminat davası ile ilgili I. Devlet aleyhine açılması gerekir. II. Dilekçesinde vakıaların yazılması yeterli olup hangi sorumluluk sebebine dayanıldığının yazılması gerekmez. III. Davanın ilgili hâkime ihbar edilip edilmeyeceğini mahkeme takdir eder. ifadelerinden hangileri doğrudur?,Yalnız I,hukuk,6100 sayılı Hukuk Muhakemeleri Kanunu,HMGS 2025 1. Sınav,8
I. Taşınır ve taşınmazların paylaştırılmasına ve ortaklığın giderilmesine ilişkin uyuşmazlıklar II. 634 sayılı Kat Mülkiyeti Kanunu’ndan kaynaklanan uyuşmazlıklar III. Komşu hakkından kaynaklanan uyuşmazlıklar Yukarıdakilerin hangilerinde dava açılmadan önce arabulucuya başvurulmuş olması dava şartı olarak düzenlenmiştir?,"I, II ve III",hukuk,634 sayılı Kat Mülkiyeti Kanunu,HMGS 2025 1. Sınav,8
6100 sayılı Hukuk Muhakemeleri Kanunu’na göre tanık delili ile ilgili aşağıdaki ifadelerden hangisi yanlıştır?,"Tanık, dinlendiği sırada on sekiz yaşını bitirmemiş olması hâlinde yeminsiz dinlenir.",hukuk,6100 sayılı Hukuk Muhakemeleri Kanunu,HMGS 2025 1. Sınav,8
6100 sayılı Hukuk Muhakemeleri Kanunu’na göre davanın ihbarı ile ilgili aşağıdaki ifadelerden hangisi yanlıştır?,Dava kendisine ihbar edilen kişinin aynı şartlarda bir başkasına ihbarda bulunması mümkün değildir.,hukuk,6100 sayılı Hukuk Muhakemeleri Kanunu,HMGS 2025 1. Sınav,8
"6100 sayılı Hukuk Muhakemeleri Kanunu’na göre delil sözleşmesi ile ilgili I. Sadece noter tarafından onaylanan ya da düzenlenen delil sözleşmeleri geçerlidir. II. Taraflar, delil sözleşmesinde belirli delillerle ispatı öngörülmeyen vakıaların sadece belirli delil veya delillerle ispatını kabul edebilirler. III. Taraflardan birinin ispat hakkının kullanımını fevkalade güçleştiren delil sözleşmeleri geçersizdir. ifadelerinden hangileri doğrudur?",II ve III,hukuk,6100 sayılı Hukuk Muhakemeleri Kanunu,HMGS 2025 1. Sınav,8
6100 sayılı Hukuk Muhakemeleri Kanunu’na göre aşağıdakilerden hangisi ilk itiraz olarak ileri sürülmelidir?,Uyuşmazlığın tahkim yoluyla çözümlenmesi gerektiği iddiası,hukuk,6100 sayılı Hukuk Muhakemeleri Kanunu,HMGS 2025 1. Sınav,8
6100 sayılı Hukuk Muhakemeleri Kanunu’na göre bilirkişi incelemesi ile ilgili aşağıdaki ifadelerden hangisi yanlıştır?,Bilirkişinin aynı dava veya işte daha önceden tanık olarak dinlenmiş bulunması bir ret sebebi teşkil eder.,hukuk,6100 sayılı Hukuk Muhakemeleri Kanunu,HMGS 2025 1. Sınav,8
6100 sayılı Hukuk Muhakemeleri Kanunu’na göre teminat ile ilgili aşağıdaki ifadelerden hangisi yanlıştır?,Teminatı gerektiren durum ve koşullarda değişiklik olması hâlinde hâkim teminatın artırılmasına karar veremez.,hukuk,6100 sayılı Hukuk Muhakemeleri Kanunu,HMGS 2025 1. Sınav,8
Davacı Batuhan dava dilekçesinde açık bir şekilde talep sonucunu belirtmemiştir. Hâkim Tunahan eksikliğin tamamlanması için bir haftalık kesin süre vermiştir. Batuhan bu süre içinde eksikliği tamamlamamıştır. 6100 sayılı Hukuk Muhakemeleri Kanunu’na göre olayla ilgili aşağıdaki ifadelerden hangisi doğrudur?,Davanın açılmamış sayılmasına karar verilmelidir.,hukuk,6100 sayılı Hukuk Muhakemeleri Kanunu,HMGS 2025 1. Sınav,8
2004 sayılı İcra ve İflas Kanunu’na göre icra mahkemesine yapılacak şikâyet ile ilgili aşağıdaki ifadelerden hangisi yanlıştır?,İcra mahkemesi duruşma yapılmasını uygun gördüğü takdirde ilgilileri en kısa zamanda duruşmaya çağırır ve gelmemeleri hâlinde dosyayı işlemden kaldırır.,hukuk,2004 sayılı İcra ve İflas Kanunu,HMGS 2025 1. Sınav,8
"Berkay, İsmail’e karşı ilamlı icra takibi başlatır. İlama karşı istinaf yoluna başvuran İsmail, icra dairesine buna ilişkin belgeyi sunar ve yeterli nakit teminatı yatırır. İcra müdürü, İsmail’e icranın geri bırakılması kararı alması için süre verir. 2004 sayılı İcra ve İflas Kanunu’na göre İsmail’in icranın geri bırakılması kararını alabilmesi için başvurabileceği hukuki yolla ilgili aşağıdaki ifadelerden hangisi doğrudur?",Takibin yapıldığı yer icra mahkemesine başvurmalıdır.,hukuk,2004 sayılı İcra ve İflas Kanunu,HMGS 2025 1. Sınav,8
"Mehmet, Burak aleyhine genel haciz yolu ile takip başlatır. Burak’a ödeme emri tebliğ edilir. Burak, ödeme emrine itiraz etmez ve takip kesinleşir. Mehmet, kanuni süre içinde haciz talebinde bulunmaz. 2004 sayılı İcra ve İflas Kanunu’na göre takibin durumu yönünden aşağıdaki ifadelerden hangisi doğrudur?",Takip dosyasının işlemden kaldırılmasına karar verilir.,hukuk,2004 sayılı İcra ve İflas Kanunu,HMGS 2025 1. Sınav,8
"Borçlu Berk aleyhine yürütülen takipte, haciz mahallinde haciz işlemlerinin gerçekleştirilmesi esnasında borçlunun kardeşi Cenk tarafından Berk adına takip konusu borç kısmen ödenmek istenir. 2004 sayılı İcra ve İflas Kanunu’na göre olayla ilgili aşağıdaki ifadelerden hangisi doğrudur?","Cenk tarafından takip konusu borca ilişkin ödeme kısmi olsa da icra memuru tarafından kabul edilir, haciz işlemlerine ancak kalan borca yönelik olarak devam edilebilir.",hukuk,2004 sayılı İcra ve İflas Kanunu,HMGS 2025 1. Sınav,8
İflas davası ile ilgili I. İflas davasında mahkemenin yetkisi kesindir. II. İflas davasının iflas ödeme emrinin tebliğinden itibaren bir yıl içinde açılması gerekir ve bu süre hak düşürücü niteliktedir. III. İflas davasında yazılı yargılama usulü geçerlidir. ifadelerinden hangileri doğrudur?,I ve II,hukuk,2004 sayılı İcra ve İflas Kanunu,HMGS 2025 1. Sınav,8
"A İnşaat Anonim Şirketi’nin konkordato talebini kabul eden mahkeme, şirkete bir yıllık kesin mühlet veriyor. Kesin mühlet içinde, konkordato komiserinin işlemlerinin kanuna aykırı olduğunu düşünen şirket alacaklısı Fatma, komiserin işlemlerine karşı şikâyet başvurusunda bulunarak bu işlemlerin iptalini istemeyi düşünüyor. 2004 sayılı İcra ve İflas Kanunu’na göre Fatma, şikâyet başvurusunu aşağıdaki mercilerin hangisinde ileri sürmelidir?",Asliye ticaret mahkemesi,hukuk,2004 sayılı İcra ve İflas Kanunu,HMGS 2025 1. Sınav,8
Zincirleme suçla ilgili aşağıdaki ifadelerden hangisi yanlıştır?,Zincirleme suçta zaman aşımı süresi ilk suçun işlendiği günden itibaren işlemeye başlar.,hukuk,5237 sayılı Türk Ceza Kanunu,HMGS 2025 1. Sınav,8
5237 sayılı Türk Ceza Kanunu’na göre müsadereyle ilgili aşağıdaki ifadelerden hangisi yanlıştır?,Suçun işlenmesinde kullanılmak üzere hazırlanan eşya ancak suçun tamamlanması hâlinde müsadere edilebilir.,hukuk,5237 sayılı Türk Ceza Kanunu,HMGS 2025 1. Sınav,8
Aşağıdakilerden hangisi Türk ceza hukukunun doğrudan kaynaklarından biri değildir?,Yargıtay Ceza Genel Kurulu kararları,hukuk,HMGS,HMGS 2025 1. Sınav,8
"Kızını evlendiren A, düğün sırasında müziğin sesini çok açtığı için komşuları tarafından şikâyet edilir. Bunun üzerine A hakkında yürütülen kovuşturma sonucunda fiilinin hem Türk Ceza Kanunu uyarınca Gürültüye Neden Olma suçunu hem de Kabahatler Kanunu uyarınca Gürültü kabahatini oluşturduğu anlaşılır. Buna göre A’nın sorumluluğuyla ilgili aşağıdaki ifadelerden hangileri doğrudur? I. İlgili suçtan dolayı yaptırım uygulanabiliyorsa ayrıca kabahatten dolayı yaptırım uygulanmaz. II. Hem suçtan hem de kabahatten dolayı yaptırım uygulanır. III. İlgili suç için Kanun’da adli para cezası ile hapis cezası seçimlik olarak öngörülmüşse fiil aynı zamanda kabahat teşkil ettiği için ancak hapis cezası uygulanabilir.",Yalnız I,hukuk,HMGS,HMGS 2025 1. Sınav,8
5237 sayılı Türk Ceza Kanunu’nun 42. maddesine göre “Biri diğerinin unsurunu veya ağırlaştırıcı nedenini oluşturması dolayısıyla tek fiil sayılan suça bileşik suç denir. Bu tür suçlarda — hükümleri uygulanmaz.” Bu cümlede boş bırakılan yere aşağıdakilerden hangisi gelmelidir?,İçtima,hukuk,5237 sayılı Türk Ceza Kanunu,HMGS 2025 1. Sınav,8
5237 sayılı Türk Ceza Kanunu’na göre aşağıdakilerden hangisi cezanın belirlenmesi ve bireyselleştirilmesi aşamasında dikkate alınmaz?,Mağdurun kusuru,hukuk,5237 sayılı Türk Ceza Kanunu,HMGS 2025 1. Sınav,8
Aşağıdakilerden hangisi ceza sorumluluğunu kaldıran veya azaltan nedenlerden biri değildir?,Ceza indirimi,hukuk,5237 sayılı Türk Ceza Kanunu,HMGS 2025 1. Sınav,8
5237 sayılı Türk Ceza Kanunu’na göre bir suçun işlenmesinde veya işlenmeye teşebbüs edilmesinde azmettirenin sorumluluğu ile ilgili aşağıdaki ifadelerden hangisi doğrudur?,"Azmettiren, ancak suçun işlenmesi hâlinde fail gibi sorumlu olur.",hukuk,5237 sayılı Türk Ceza Kanunu,HMGS 2025 1. Sınav,8
5237 sayılı Türk Ceza Kanunu’na göre zincirleme suç hükümlerinin uygulanabilmesi için aşağıdakilerden hangisinin gerçekleşmesi gerekir?,Aynı mağdura karşı aynı suçun birden fazla işlenmesi,hukuk,5237 sayılı Türk Ceza Kanunu,HMGS 2025 1. Sınav,8
"Bir suçun işlenmesi sırasında, failin mağdurun ölümüne neden olması hâlinde, failin durumu ile ilgili aşağıdaki ifadelerden hangisi doğrudur?","Fail, neticesi sebebiyle ağırlaşmış suçtan sorumlu olur.",hukuk,HMGS,HMGS 2025 1. Sınav,8
5237 sayılı Türk Ceza Kanunu’na göre aşağıdakilerden hangisi suça teşebbüsün koşullarından biri değildir?,Failin taksirle hareket etmesi,hukuk,5237 sayılı Türk Ceza Kanunu,HMGS 2025 1. Sınav,8
Aşağıdakilerden hangisi 5237 sayılı Türk Ceza Kanunu’na göre şahsi cezasızlık sebeplerinden biridir?,Etkin pişmanlık,hukuk,5237 sayılı Türk Ceza Kanunu,HMGS 2025 1. Sınav,8
5237 sayılı Türk Ceza Kanunu’na göre cezanın ertelenmesiyle ilgili aşağıdaki ifadelerden hangisi yanlıştır?,"Erteleme süresi en az bir yıl, en çok üç yıldır.",hukuk,5237 sayılı Türk Ceza Kanunu,HMGS 2025 1. Sınav,8
5237 sayılı Türk Ceza Kanunu’na göre aşağıdakilerden hangisi güvenlik tedbirlerinden biri değildir?,Hapis cezasının ertelenmesi,hukuk,5237 sayılı Türk Ceza Kanunu,HMGS 2025 1. Sınav,8
Ceza muhakemesinde kanun yolları ile ilgili aşağıdaki ifadelerden hangisi yanlıştır?,Olağanüstü kanun yollarına başvuru süresi on beş gündür.,hukuk,HMGS,HMGS 2025 1. Sınav,8
Ceza Muhakemesi Kanunu’na göre kovuşturma evresi ne zaman başlar?,İddianamenin kabulüyle,hukuk,5271 sayılı Ceza Muhakemesi Kanunu,HMGS 2025 1. Sınav,8
Ceza Muhakemesi Kanunu’na göre aşağıdakilerden hangisi Cumhuriyet savcısının görevlerinden biri değildir?,Davaya katılma talebinde bulunmak,hukuk,5271 sayılı Ceza Muhakemesi Kanunu,HMGS 2025 1. Sınav,8
"Ceza Muhakemesi Kanunu’na göre Cumhuriyet savcısı, iddianameyi hangi mercie sunar?",Ağır ceza mahkemesi başkanına,hukuk,5271 sayılı Ceza Muhakemesi Kanunu,HMGS 2025 1. Sınav,8
Ceza Muhakemesi Kanunu’na göre aşağıdakilerden hangisi tutuklama nedenlerinden biri değildir?,Şüpheli veya sanığın itiraf etmiş olması,hukuk,5271 sayılı Ceza Muhakemesi Kanunu,HMGS 2025 1. Sınav,8
Ceza Muhakemesi Kanunu’na göre adli kontrol tedbirine aşağıdakilerden hangisi örnektir?,Yurt dışına çıkış yasağı,hukuk,5271 sayılı Ceza Muhakemesi Kanunu,HMGS 2025 1. Sınav,8
Ceza Muhakemesi Kanunu’na göre hâkim veya mahkeme tarafından verilip de itiraz yasa yoluna tabi olan kararlara karşı başvuruların yapılacağı yer aşağıdakilerden hangisidir?,Kararı veren mahkeme,hukuk,5271 sayılı Ceza Muhakemesi Kanunu,HMGS 2025 1. Sınav,8
Ceza Muhakemesi Kanunu’na göre hükümlü lehine kanun yararına bozma isteminde bulunma yetkisi aşağıdakilerden hangisine aittir?,Adalet Bakanlığı,hukuk,5271 sayılı Ceza Muhakemesi Kanunu,HMGS 2025 1. Sınav,8
Ceza Muhakemesi Kanunu’na göre yakalama emri kim tarafından verilebilir?,Hâkim veya mahkeme,hukuk,5271 sayılı Ceza Muhakemesi Kanunu,HMGS 2025 1. Sınav,8
Ceza Muhakemesi Kanunu’na göre sanığın sorgusu sırasında müdafii hazır bulunmazsa ve sanık da müdafi istemezse hâkimin yapması gereken işlem aşağıdakilerden hangisidir?,Sanığın sorgusunu erteler ve barodan müdafi atar.,hukuk,5271 sayılı Ceza Muhakemesi Kanunu,HMGS 2025 1. Sınav,8
Ceza Muhakemesi Kanunu’na göre hükmün açıklanmasının geri bırakılmasına (HAGB) karar verilebilmesi için aşağıdaki koşullardan hangisinin bulunması zorunludur?,Sanığın suçtan doğan zararı tamamen gidermesi,hukuk,5271 sayılı Ceza Muhakemesi Kanunu,HMGS 2025 1. Sınav,8
Ceza Muhakemesi Kanunu’na göre hükmün açıklanmasının geri bırakılması (HAGB) kararına karşı başvurulabilecek kanun yolu aşağıdakilerden hangisidir?,İtiraz,hukuk,5271 sayılı Ceza Muhakemesi Kanunu,HMGS 2025 1. Sınav,8
Ceza Muhakemesi Kanunu’na göre sanığın sorgusu aşağıdakilerden hangisi tarafından yapılır?,Mahkeme başkanı veya hâkim,hukuk,5271 sayılı Ceza Muhakemesi Kanunu,HMGS 2025 1. Sınav,8
Ceza Muhakemesi Kanunu’na göre duruşmada sırasıyla hangi işlemler yapılır?,"İddianamenin okunması, sanığın sorgusu, delillerin tartışılması, hüküm",hukuk,5271 sayılı Ceza Muhakemesi Kanunu,HMGS 2025 1. Sınav,8
Ceza Muhakemesi Kanunu’na göre duruşmada sanığın sorgusundan önce aşağıdakilerden hangisi yapılır?,İddianamenin okunması,hukuk,5271 sayılı Ceza Muhakemesi Kanunu,HMGS 2025 1. Sınav,8
"Ceza Muhakemesi Kanunu’na göre duruşmanın devamı sırasında sanığın gelmemesi hâlinde, mahkeme aşağıdaki işlemlerden hangisini yapabilir?",Sanık hakkında zorla getirme kararı verir.,hukuk,5271 sayılı Ceza Muhakemesi Kanunu,HMGS 2025 1. Sınav,8
Ceza Muhakemesi Kanunu’na göre duruşmanın düzenini bozan sanığa uygulanabilecek yaptırım aşağıdakilerden hangisidir?,Duruşmadan çıkarma,hukuk,5271 sayılı Ceza Muhakemesi Kanunu,HMGS 2025 1. Sınav,8
Ceza Muhakemesi Kanunu’na göre tanıklıktan çekinme hakkı aşağıdakilerden hangisine tanınmıştır?,Sanığın nişanlısına,hukuk,6102 sayılı Türk Ticaret Kanunu,HMGS 2025 1. Sınav,8
Ceza Muhakemesi Kanunu’na göre duruşmanın aleniyeti ilkesiyle ilgili aşağıdaki ifadelerden hangisi doğrudur?,"Hâkim, kamu düzeni veya genel ahlak gerekçesiyle duruşmayı kapalı yapabilir.",hukuk,5271 sayılı Ceza Muhakemesi Kanunu,HMGS 2025 1. Sınav,8
Ceza Muhakemesi Kanunu’na göre basit yargılama usulü hangi aşamada uygulanır?,Kovuşturma evresinde duruşma yapılmadan,hukuk,5271 sayılı Ceza Muhakemesi Kanunu,HMGS 2025 1. Sınav,8
Ceza Muhakemesi Kanunu’na göre istinaf başvurusunun reddine dair kararları aşağıdaki mercilerden hangisi verir?,İlk derece mahkemesi,hukuk,6100 sayılı Hukuk Muhakemeleri Kanunu,HMGS 2025 1. Sınav,8
Ceza Muhakemesi Kanunu’na göre duruşma sırasında delillerin tartışılmasından sonra aşağıdaki işlemlerden hangisi yapılır?,Cumhuriyet savcısının esas hakkındaki mütalaasını vermesi,hukuk,5271 sayılı Ceza Muhakemesi Kanunu,HMGS 2025 1. Sınav,8
Ceza Muhakemesi Kanunu’na göre sanık lehine kanun yararına bozma talebinde bulunabilecek makam aşağıdakilerden hangisidir?,Adalet Bakanlığı,hukuk,5271 sayılı Ceza Muhakemesi Kanunu,HMGS 2025 1. Sınav,8
Ceza Muhakemesi Kanunu’na göre tutuklamaya itiraz mercii aşağıdakilerden hangisidir?,Üst dereceli mahkeme,hukuk,5271 sayılı Ceza Muhakemesi Kanunu,HMGS 2025 1. Sınav,8
Ceza Muhakemesi Kanunu’na göre istinaf kanun yoluna başvurma süresi aşağıdakilerden hangisidir?,15 gün,hukuk,6100 sayılı Hukuk Muhakemeleri Kanunu,HMGS 2025 1. Sınav,8
Ceza Muhakemesi Kanunu’na göre sanığın sorgusunun nasıl yapılacağına ilişkin aşağıdaki ifadelerden hangisi doğrudur?,Sanığın sorgusu sırasında kendisine avukatı soru sorabilir.,hukuk,5271 sayılı Ceza Muhakemesi Kanunu,HMGS 2025 1. Sınav,8
Ceza Muhakemesi Kanunu’na göre duruşma sırasında tanığın gelmemesi hâlinde aşağıdaki işlemlerden hangisi yapılabilir?,Tanık hakkında zorla getirme kararı verilebilir.,hukuk,5271 sayılı Ceza Muhakemesi Kanunu,HMGS 2025 1. Sınav,8
Ceza Muhakemesi Kanunu’na göre hüküm ne zaman açıklanır?,Savunmaların alınmasından sonra,hukuk,5271 sayılı Ceza Muhakemesi Kanunu,HMGS 2025 1. Sınav,8
Ceza Muhakemesi Kanunu’na göre hükmün açıklanmasının geri bırakılması (HAGB) kararı aşağıdakilerden hangisine karşı yapılabilir?,İtiraz,hukuk,5271 sayılı Ceza Muhakemesi Kanunu,HMGS 2025 1. Sınav,8
Ceza Muhakemesi Kanunu’na göre adli kontrol kararını verme yetkisi aşağıdakilerden hangisine aittir?,Sulh ceza hâkimi,hukuk,5271 sayılı Ceza Muhakemesi Kanunu,HMGS 2025 1. Sınav,8
Ceza Muhakemesi Kanunu’na göre istinaf başvurusunun reddine karar verilmesi hâlinde aşağıdakilerden hangisi doğrudur?,Karar kesindir.,hukuk,6100 sayılı Hukuk Muhakemeleri Kanunu,HMGS 2025 1. Sınav,8
"1982 Anayasası’na göre bir siyasi parti grubunun I. milletvekillerinin yasama dokunulmazlığının kaldırılmasına yönelik görüşme yapmak, II. Türkiye Büyük Millet Meclisi Başkanlığına aday göstermek, III. Cumhurbaşkanlığına aday göstermek işlemlerinden hangilerini yapmaya yetkisi vardır?",Yalnız III,hukuk,1982 Anayasası,HMGS 2025 3. Sınav,8
"Türk Ticaret Kanunu’nun bazı maddelerinde değişiklik öngören kanun teklifi Türkiye Büyük Millet Meclisi Genel Kurulunca kabul edilir. Meclis Başkanlığı, Kanun’u yayımlanması için Cumhurbaşkanlığına gönderir. Cumhurbaşkanı, kendisine gönderilen Kanun’un bazı maddelerini uygun bulmayarak Meclise geri gönderir. Geri gönderilen Kanun, Meclisin görüşme gündemine alındığında ise bu görüşmeye 540 milletvekili katılır. 1982 Anayasası’na göre Türkiye Büyük Millet Meclisi, geri gönderilen bu Kanun’u kural olarak en az kaç milletvekilinin oyuyla aynen kabul ederse Kanun, Cumhurbaşkanı tarafından yayımlanır?",301,hukuk,1982 Anayasası,HMGS 2025 3. Sınav,8
"Sabit liste seçme yönteminin benimsendiği bir ülkede, yasama organı seçimleri yapılır. 116.000 geçerli oyun kullanıldığı ve dört milletvekilinin çıkacağı bir seçim çevresinde K Partisi 30.000, L Partisi 35.000, M Partisi 10.000, N Adayı 37.000, P Adayı 4.000 oy alır. Üç siyasi parti, bu seçim çevresinden dörder aday gösterirken bağımsız adaylar N ve P ise seçimlere tek başlarına katılır. Üç siyasi parti de ulusal düzeyde uygulanan seçim barajını geçer. Nispi temsil esasına dayalı ve d’Hondt usulüne göre dağılımın yapıldığı bu seçim çevresindeki dört milletvekilinin dağılımı aşağıdakilerin hangisinde doğru verilmiştir?",K Partisi – 1 / L Partisi – 2 / N Adayı,hukuk,1982 Anayasası,HMGS 2025 3. Sınav,8
"Milletvekili M’nin, teklif üzerine Türkiye Büyük Millet Meclisi Genel Kurulunda yaptığı kürsü konuşmasında kullandığı sözleri Meclis dışında tekrarlamaması ve açığa vurmaması yönünde Meclis Genel Kurulu tarafından karar alınır. 1982 Anayasası’na göre Türkiye Büyük Millet Meclisi Genel Kurulunun bu kararı alabilmesi için teklifin aşağıdakilerden hangisi tarafından sunulmuş olması gerekir?",İlgili oturumdaki Türkiye Büyük Millet Meclisi Başkanlık Divanı,hukuk,1982 Anayasası,HMGS 2025 3. Sınav,8
"Belirli sayıda seçmenin kendi aralarında imza toplayarak belirli bir konuda kanun yapılmasını parlamentodan istemelerine dayanan, toplanan imza sayısı anayasa veya kanun tarafından belirlenen sayıya ulaştığı takdirde parlamentonun imzacı seçmenlerin istediği kanunu müzakere etmek zorunda oldukları bu yöntem yarı-doğrudan demokrasi araçlarından biri olarak günümüzde birçok devlette uygulanmaktadır. Hakkında bilgiler verilen bu yöntem aşağıdakilerden hangisidir?",Halk teşebbüsü,hukuk,HMGS,HMGS 2025 3. Sınav,8
1982 Anayasası’na göre bir siyasi partinin Anayasa’da belirtilen düzenlemelere aykırı eylemlerin odağı hâline geldiğinin tespiti aşağıdakilerden hangisi tarafından yapılır?,Anayasa Mahkemesi,hukuk,1982 Anayasası,HMGS 2025 3. Sınav,8
I. Yüce Divan sıfatıyla verdiği kararlar II. Siyasi parti kapatma davalarında verdiği kararlar III. Bireysel başvurularda verdiği kabul edilmezlik kararları — 6216 sayılı Anayasa Mahkemesinin Kuruluşu ve Yargılama Usulleri Hakkında Kanun’a göre Anayasa Mahkemesinin yukarıdaki kararlarından hangileri hakkında kural olarak yargılamanın yenilenmesi talep edilebilir?,I ve II,hukuk,6216 sayılı Anayasa Mahkemesinin Kuruluşu ve Yargılama Usulleri Hakkında Kanun,HMGS 2025 3. Sınav,8
Aşağıdakilerden hangisi 6216 sayılı Anayasa Mahkemesinin Kuruluşu ve Yargılama Usulleri Hakkında Kanun’da Anayasa Mahkemesi Genel Kurulunun görevleri arasında sayılmamıştır?,"Anayasa Mahkemesinin kurumsal, bilimsel ve idari işlerini yürütmek",hukuk,6216 sayılı Anayasa Mahkemesinin Kuruluşu ve Yargılama Usulleri Hakkında Kanun,HMGS 2025 3. Sınav,8
"Anayasa Mahkemesine bireysel başvuru yapmak isteyen Alp, hastanede bilinci kapalı olarak tedavi gördüğü için başvuru süresini kaçırır. Taburcu olan Alp, hastanede geçirdiği günlere ilişkin raporu da ekleyerek geçerli mazeretinden dolayı ek süresi olduğu gerekçesiyle Mahkemeye bireysel başvuru yapmak ister. 6216 sayılı Kanun’a göre Alp, mazeretinin ortadan kalktığı tarihten itibaren en fazla kaç güne kadar başvurusunu yapabilir?",15,hukuk,1982 Anayasası,HMGS 2025 3. Sınav,8
"“Bugünkü durumda Bakanlığın bütün işlemlerini Bakan’ın bizzat yapması olanağı bulunmadığından kimi konulara ilişkin yetkilerini, sorumluluk kendi üzerinde kalmak üzere emrinde çalışan yüksek memurlara kullandırması zorunluluğu bulunmaktadır.” — Bu ifadede aşağıdaki idare hukuku kavramlarından hangisinin varlık nedeni vurgulanmaktadır?",Yetki devri,hukuk,HMGS,HMGS 2025 3. Sınav,8
"A ilçe belediyesinde temizlik işçisi olarak çalışan Ahmet’e, geçirdiği rahatsızlık nedeniyle ayakta durmasının uygun olmadığına ilişkin rapor verilir. Ahmet, bu rapora dayanarak A ilçe belediyesine görev değişikliği talebinde bulunur. A ilçe belediyesi yasal süre içinde cevap vermez. Ahmet, idare ile ilgili şikâyetini belirten dilekçe ile Kamu Denetçiliği Kurumuna başvurur. 6328 sayılı Kanun’a göre bu olayla ilgili aşağıdaki ifadelerden hangisi doğrudur?","Ahmet’in dava açma süresi içinde Kuruma yaptığı başvuru, işlemeye başlamış olan dava açma süresini durdurur.",hukuk,2577 sayılı İdari Yargılama Usulü Kanunu,HMGS 2025 3. Sınav,8
"Lisans mezunu olarak atanan memur Mehmet, memuriyette iken avukatlık stajını tamamlar. Mehmet, bu durumda kademe ilerlemesi alması gerektiğini öğrenir ve kademe ilerlemesinin yapılması için dilekçe ile başvuruda bulunur. 657 sayılı Devlet Memurları Kanunu’na göre Mehmet’e kaç kademe ilerlemesi uygulanır?",1,hukuk,657 sayılı Devlet Memurları Kanunu,HMGS 2025 3. Sınav,8
"İsmail, çalıştığı kuruma bilgi edinme isteminde bulunur, başvurusu kurum tarafından reddedilir ve bu karar kendisine tebliğ edilir. İsmail, Bilgi Edinme Değerlendirme Kuruluna itiraz eder. 4982 sayılı Kanun’a göre bu olayla ilgili aşağıdaki ifadelerden hangisi doğrudur?","Kurul, itiraz hakkında kararını otuz iş günü içinde verir.",hukuk,2577 sayılı İdari Yargılama Usulü Kanunu,HMGS 2025 3. Sınav,8
"Millî Eğitim Bakanlığı, Yükseköğretim Kuruluna ait taşınmaza ihtiyaç duyar ve bu nedenle kanun gereği tespit edilen ödeyeceği bedeli de belirterek yazılı olarak Yükseköğretim Kuruluna başvurur. Yükseköğretim Kurulu, bu başvuruya yasal süresi içinde cevap vermez. 2942 sayılı Kamulaştırma Kanunu’na göre aşağıdakilerden hangisi Millî Eğitim Bakanlığının başvurusu üzerine bu olaydaki anlaşmazlığı inceleyerek kesin karara bağlar?",Danıştay,hukuk,2942 sayılı Kamulaştırma Kanunu,HMGS 2025 3. Sınav,8
Toprağı doğrudan doğruya işleten küçük çiftçiler Dilek ve Mustafa’nın müşterek malik oldukları taşınmaz hakkında Devlet Su İşleri Genel Müdürlüğünce büyük enerji ve sulama projeleri yapılacağı gerekçesiyle kamulaştırma işlemi tesis edilir. Dilek ve Mustafa bu işleme karşı dava açmayı düşünür. Bu olaya göre aşağıdaki ifadelerden hangisi yanlıştır?,Dilek ve Mustafa beraber dava açmak zorundadır.,hukuk,2577 sayılı İdari Yargılama Usulü Kanunu,HMGS 2025 3. Sınav,8
2577 sayılı İYUK’a göre duruşmalara ilişkin esaslarla ilgili aşağıdaki ifadelerden hangisi yanlıştır?,Taraflardan yalnız biri gelirse hiçbir işlem yapılmaz ve duruşma açılmaz.,hukuk,2577 sayılı İdari Yargılama Usulü Kanunu,HMGS 2025 3. Sınav,8
"Türkiye Barolar Birliği, avukatlara uygulanacak reklam yasağı ile ilgili bir yönetmelik çıkarır. Avukat Samet, bu yönetmeliğin hukuka aykırı olduğunu düşünerek yürütmenin durdurulması talepli iptal davası açar. Bu olaya göre aşağıdaki ifadelerden hangisi yanlıştır?",İlk derece mahkemesinin nihai kararına karşı istinaf yolu kapalıdır.,hukuk,2577 sayılı İdari Yargılama Usulü Kanunu,HMGS 2025 3. Sınav,8
Ankara’da bir kamu kurumunda kamu görevlisi olan Batuhan’a Daire Başkanı tarafından kişisel husumet nedeniyle kınama cezası verilir ve tebliğ edilir. Batuhan iptal davası açar. 2577 sayılı İYUK’a göre bu olayla ilgili aşağıdaki ifadelerden hangisi yanlıştır?,Disiplin cezası uygulanmakla etkisi tükenecek işlem olmadığından YD talep edilemez.,hukuk,2577 sayılı İdari Yargılama Usulü Kanunu,HMGS 2025 3. Sınav,8
"Şekle tabi bir sözleşmenin şekle uyulmadan yapılmasına kasten sebep olan ve karşı tarafı şekle aykırı davranmaya yönelten A, daha sonra sözleşmenin şekil yönünden geçersizliğini ileri sürer. Bu olaya göre A’nın davranışı aşağıdakilerden hangisi kapsamında değerlendirilebilir?",Hakkın kötüye kullanılması,hukuk,HMGS,HMGS 2025 3. Sınav,8
I. Yönetim kurulu II. Denetim kurulu III. Disiplin kurulu — 4721 sayılı Türk Medeni Kanunu’na göre yukarıdakilerden hangileri derneklerin zorunlu organları arasında yer alır?,I ve II,hukuk,4721 sayılı Türk Medeni Kanunu,HMGS 2025 3. Sınav,8
"4721 sayılı Türk Medeni Kanunu’na göre gerçek kişilerde adın değiştirilmesinden zarar gören kimse, bunu öğrendiği günden başlayarak kural olarak en geç ne kadar süre içinde değiştirme kararının kaldırılmasını dava edebilir?",1 yıl,hukuk,4721 sayılı Türk Medeni Kanunu,HMGS 2025 3. Sınav,8
"A, eşi B’nin kumar oynamasından dolayı sosyal çevresinde kötü muamelelerle karşılaşır. B’nin bu fiilinden vazgeçmemesinin ekonomik problemleri de beraberinde getirmesiyle A, boşanma davası açmayı düşünür. 4721 sayılı TMK’ya göre A’nın, haysiyetsiz hayat sürme sebebine dayanarak boşanma davası açabilmesiyle ilgili aşağıdaki ifadelerden hangisi doğrudur?",A’dan eşiyle birlikte yaşaması beklenemiyorsa her zaman dava açabilir.,hukuk,4721 sayılı Türk Medeni Kanunu,HMGS 2025 3. Sınav,8
4721 sayılı TMK’ya göre boşanma kararıyla ilgili aşağıdaki ifadelerden hangisi yanlıştır?,"Boşanma sebebiyle dava hakları, hükmün kesinleşmesinden itibaren 6 ayda zamanaşımına uğrar.",hukuk,4721 sayılı Türk Medeni Kanunu,HMGS 2025 3. Sınav,8
"Tanıma, evlilik dışı doğan çocuk ile babası arasında soy bağının kurulmasını sağlayan irade beyanıdır. 4721 sayılı TMK’ya göre tanıma ile ilgili I. Tanıyan, tanımanın iptali davasını anne ve çocuğa karşı açar. II. Başka bir erkekle soy bağı bulunan çocuk, bu bağın geçersiz kılınmasına gerek kalmaksızın tanınabilir. III. Tanıma beyanında bulunan kimse, küçük veya kısıtlı ise veli veya vasisinin de rızası gereklidir. ifadelerinden hangileri doğrudur?",I ve II,hukuk,4721 sayılı Türk Medeni Kanunu,HMGS 2025 3. Sınav,8
Yoksulluk nafakasıyla ilgili I. Hâkim tarafından re’sen ödenmesine hükmedilemez. II. Yoksulluk nafakasına süresiz olarak hükmedilebilir. III. Nafaka yükümlüsü eşin boşanmada kusuru aranmaz. ifadelerinden hangileri doğrudur?,"I, II ve III",hukuk,4721 sayılı Türk Medeni Kanunu,HMGS 2025 3. Sınav,8
"Ergin bir kimse, Kanun’da sayılan belirli sebeplerle işlerini gerektiği gibi yönetemediğini ispat ederse kendisinin kısıtlanmasını isteyebilir. Aşağıdakilerden hangisi 4721 sayılı TMK’da erginin isteği üzerine kısıtlanabilme hâlleri arasında sayılmamıştır?",Alkol bağımlılığı,hukuk,4721 sayılı Türk Medeni Kanunu,HMGS 2025 3. Sınav,8
4721 sayılı TMK’ya göre üst hakkı ile ilgili aşağıdaki ifadelerden hangisi yanlıştır?,Kural olarak bağımsız bölümler üzerinde ayrıca üst hakkı kurulabilir.,hukuk,4721 sayılı Türk Medeni Kanunu,HMGS 2025 3. Sınav,8
4721 sayılı TMK’ya göre geçici tescil şerhiyle ilgili aşağıdaki ifadelerden hangisi yanlıştır?,Şerh konusu hak sonradan gerçekleşirse kural olarak gerçekleştiği andan itibaren üçüncü kişilere karşı ileri sürülebilir.,hukuk,4721 sayılı Türk Medeni Kanunu,HMGS 2025 3. Sınav,8
4721 sayılı TMK’ya göre intifa hakkının sona ermesiyle ilgili aşağıdaki ifadelerden hangisi yanlıştır?,"Malik, harap olan şeyi kural olarak yararlanılır hâle getirmekle yükümlüdür.",hukuk,4721 sayılı Türk Medeni Kanunu,HMGS 2025 3. Sınav,8
"M öldüğünde, geride mirasçı olarak kalan çocukları K ve L arasında mirasın paylaşımına kadar bir miras ortaklığı meydana gelir. 4721 sayılı TMK’ya göre bu olayla ilgili aşağıdaki ifadelerden hangisi yanlıştır?",K’nin terekedeki hakların korunmasını istemesi durumunda bu korumadan L yararlanamaz.,hukuk,4721 sayılı Türk Medeni Kanunu,HMGS 2025 3. Sınav,8
"4721 sayılı TMK’ya göre aşağıdakilerden hangisi yasal veya atanmış mirasçıların, yasal süresi içinde mirası ret haklarının düşmesinin sebeplerinden biri değildir?",Ret süresinin dolmasına engel olmak maksadıyla dava veya icra takibi yapmak,hukuk,4721 sayılı Türk Medeni Kanunu,HMGS 2025 3. Sınav,8
M öldüğünde geride eşi ve kız kardeşi kalmıştır. 4721 sayılı TMK’ya göre M’nin kız kardeşinin yasal miras payıyla ilgili aşağıdaki ifadelerden hangisi doğrudur?,Mirasın 1/2’sidir.,hukuk,4721 sayılı Türk Medeni Kanunu,HMGS 2025 3. Sınav,8
4721 sayılı TMK’ya göre mirasın resmî tasfiyesiyle ilgili aşağıdaki ifadelerden hangisi doğrudur?,"Tasfiye memuru, işlerini sulh mahkemesinin gözetim ve denetimi altında yürütür.",hukuk,4721 sayılı Türk Medeni Kanunu,HMGS 2025 3. Sınav,8
6098 sayılı TBK’ya göre zamanaşımının kesilmesiyle ilgili aşağıdaki ifadelerden hangisi yanlıştır?,Kefile karşı kesilince asıl borçluya karşı da kesilmiş olur.,hukuk,6098 sayılı Türk Borçlar Kanunu,HMGS 2025 3. Sınav,8
"Ali, Berna ve Can; Deniz’den 90.000 TL borç için müteselsil alacaklı. Anlaşmada ifa şekli kararlaştırılmamış. 6098 sayılı TBK’ya göre: I. Deniz, tamamını Berna’ya öderse kural olarak borçtan kurtulur. II. Alacaklılardan her biri borcun tamamını talep edebilir. III. Deniz, Ali’nin icraya başvurduğu kendisine bildirilmedikçe dilediğine ifada bulunabilir. Hangileri doğrudur?","I, II ve III",hukuk,6098 sayılı Türk Borçlar Kanunu,HMGS 2025 3. Sınav,8
"İnternet üzerinden antika satışı yapan Ahsen, Buse’ye ısmarlamadığı hâlde antika vazo gönderir. 6098 sayılı TBK’ya göre: I. Gönderme öneri sayılır. II. Buse geri göndermeyince sözleşme kurulur. III. Buse vazoyu saklamakla yükümlü değildir. Hangileri doğrudur?",Yalnız III,hukuk,6098 sayılı Türk Borçlar Kanunu,HMGS 2025 3. Sınav,8
6098 sayılı TBK’ya göre genel işlem koşullarıyla oluşturulan sözleşmelerle ilgili aşağıdakilerden hangisi yanlıştır?,Karşı taraf aleyhine tek yanlı değişiklik yetkisi veren kayıtlar sözleşmeyi geçersiz kılar.,hukuk,6098 sayılı Türk Borçlar Kanunu,HMGS 2025 3. Sınav,8
"6098 sayılı TBK’ya göre sebepsiz zenginleşmeden doğan istem hakkı, hak sahibinin geri isteme hakkı olduğunu öğrendiği tarihten başlayarak kural olarak en az kaç yılın geçmesiyle zamanaşımına uğrar?",2,hukuk,6098 sayılı Türk Borçlar Kanunu,HMGS 2025 3. Sınav,8
6098 sayılı TBK’ya göre haksız fiil tazminat davalarında davalının zarar görene yapacağı geçici ödemelerle ilgili aşağıdakilerden hangisi yanlıştır?,Hâkim re’sen geçici ödemeye karar verebilir.,hukuk,6098 sayılı Türk Borçlar Kanunu,HMGS 2025 3. Sınav,8
"Kanun, sözleşme veya işin niteliği alacağın devrine engel olmayan bir borçla ilgili işlemler: A, B’den olan 200.000 TL alacağını yazılı olarak C’ye devreder. C de bunu D’ye devreder. B, C’ye yapılan devirden haberdar olup D’ye yapılan devir kendisine bildirilmeden önce iyi niyetle C’ye ifada bulunur. C, işlemiş faizlerin de devredildiğini ileri sürer. 6098 sayılı TBK’ya göre hangisi doğrudur?",B; devri öğrendiği sırada A’ya karşı sahip olduğu savunmaları C’ye karşı ileri sürebilir.,hukuk,6098 sayılı Türk Borçlar Kanunu,HMGS 2025 3. Sınav,8
6098 sayılı TBK’ya göre takas ile ilgili aşağıdaki ifadelerden hangisi yanlıştır?,Alacaklardan biri çekişmeli ise takas ileri sürülemez.,hukuk,6098 sayılı Türk Borçlar Kanunu,HMGS 2025 3. Sınav,8
6098 sayılı TBK’ya göre kefil ile ilgili aşağıdaki ifadelerden hangisi yanlıştır?,Borçlunun iflası sebebiyle asıl borç daha önce muaccel olmuşsa kural olarak vadeden önce kefile takibat yapılabilir.,hukuk,6098 sayılı Türk Borçlar Kanunu,HMGS 2025 3. Sınav,8
"Kiracı, kiralananın tesliminden sonra muaccel olan kira bedelini veya yan gideri ödemezse kiraya veren; kiracıya yazılı süre verip bu sürede de ifa olmazsa fesih bildirebilir. 6098 sayılı TBK’ya göre konut ve çatılı işyeri kiralarında bu süre kural olarak en az kaç gündür?",30,hukuk,6098 sayılı Türk Borçlar Kanunu,HMGS 2025 3. Sınav,8
6098 sayılı TBK’ya göre satış sözleşmesindeki malın yarar ve hasarının geçişiyle ilgili aşağıdakilerden hangisi yanlıştır?,Taşınırda alıcının temerrüdünde yarar ve hasar satıcıda kalmaya devam eder.,hukuk,6098 sayılı Türk Borçlar Kanunu,HMGS 2025 3. Sınav,8
"6098 sayılı TBK’ya göre tüketim ödüncünde, geri verme günü/bildirim süresi/isteme bağlı muacceliyet kararlaştırılmamışsa ödünç alan, ilk istemden başlayarak kural olarak en fazla kaç hafta geçmedikçe geri vermekle yükümlü değildir?",6,hukuk,6098 sayılı Türk Borçlar Kanunu,HMGS 2025 3. Sınav,8
"İbrahim, 01.06.2023 düzenleme tarihli bir poliçe keşide etmiş ancak vade yazmamıştır. Poliçe Zeynep’tedir ve ibraz etmek istemektedir. 6102 sayılı TTK’ya göre poliçenin düzenlenme gününden itibaren kural olarak ne kadar süre içinde ödenmesi için ibrazı gerekir?",1 yıl,hukuk,6102 sayılı Türk Ticaret Kanunu,HMGS 2025 3. Sınav,8
6102 sayılı TTK’ya göre poliçede ihbar ile ilgili aşağıdakilerden hangisi yanlıştır?,"Kanunda belirtilen süreler içinde ihbarda bulunmayan kişi, başvurma hakkını kaybeder.",hukuk,6102 sayılı Türk Ticaret Kanunu,HMGS 2025 3. Sınav,8
Aşağıdakilerden hangisi nama yazılı bir kıymetli evrak olarak kabul edilir?,Düzenleyen tarafından “menfi emre” kaydı konulan bono,hukuk,6102 sayılı Türk Ticaret Kanunu,HMGS 2025 3. Sınav,8
I. Poliçe II. Bono III. Çek — Yukarıdakilerden hangileri hamiline yazılı olarak düzenlenebilir?,Yalnız III,hukuk,6102 sayılı Türk Ticaret Kanunu,HMGS 2025 3. Sınav,8
"I. Araçların ve malların imhası II. Haksız rekabetin men’i III. Fiilin haksız olup olmadığının tespiti — 6102 sayılı TTK’ya göre haksız rekabet sonucu ekonomik çıkarları zarar gören veya tehlikeyle karşılaşabilecek müşteriler, yukarıdakilerden hangilerini talep edemez?",Yalnız I,hukuk,6102 sayılı Türk Ticaret Kanunu,HMGS 2025 3. Sınav,8
"Salih, küçük bir hırdavat dükkânı işleten ve basit tesisat işleri için evlere tamire giden bir esnaf. Buna göre: I. İş bitince kararlaştırılmamış olsa da uygun bir ücret isteyebilir. II. İsterse işletme adı kullanabilir. III. Sözleşmeden dönmek isterse ihtarı sadece noter aracılığıyla yapabilir. Hangileri doğrudur?",I ve II,hukuk,HMGS,HMGS 2025 3. Sınav,8
"(İnşaat Sözleşmesi maddelerine göre) I. Yüklenici, gecikme cezai şartının fahiş olduğunu ileri sürüp mahkemeden indirim talep edebilir. II. Taraflar arasında kararlaştırılan %80 temerrüt faizi oranı geçerlidir. III. İş sahibi hak edişleri ödemezse yüklenici, X AŞ’nin %10 paya sahip herhangi bir pay sahibinden talep edebilir. Hangileri doğrudur?",Yalnız II,hukuk,HMGS,HMGS 2025 3. Sınav,8
Ali Aslan ile Veli Kaplan turizm alanında iki ortaklı bir anonim şirket kurmak ister. 6102 sayılı TTK’ya göre aşağıdakilerden hangisi doğru bir ticaret unvanı olmaz?,Ali Aslan Turizm A.Ş.,hukuk,6102 sayılı Türk Ticaret Kanunu,HMGS 2025 3. Sınav,8
6102 sayılı TTK’ya göre anonim şirket genel kurulunda aşağıdaki esas sözleşme değişikliği kararlarından hangisi için sermayenin tümünü oluşturan pay sahiplerinin/temsilcilerinin oy birliği aranır?,Bilanço zararlarının kapatılması için ikincil yükümlülük öngören karar,hukuk,6102 sayılı Türk Ticaret Kanunu,HMGS 2025 3. Sınav,8
Limited şirketlerde “önemli kararlar” için ağırlaştırılmış çoğunluk aranır. Aşağıdakilerden hangisi Kanun’da sayılan önemli kararlardan biri değildir?,Müdürlerin seçilmesi,hukuk,6102 sayılı Türk Ticaret Kanunu,HMGS 2025 3. Sınav,8
Aşağıdakilerden hangisi (yazılı şekil zorunluluğu olmadan) sözlü şekilde düzenlenmiş bir şirket sözleşmesiyle kurulabilir?,Adi şirket,hukuk,HMGS,HMGS 2025 3. Sınav,8
"Halka kapalı bir anonim şirkette, sermayenin onda birine sahip pay sahiplerinin talebiyle finansal tabloların müzakeresi ve bağlı konular ertelenir. 6102 sayılı TTK’ya göre erteleme süresi nedir?",1 ay,hukuk,6102 sayılı Türk Ticaret Kanunu,HMGS 2025 3. Sınav,8
"6100 sayılı HMK’ya göre hükmün tamamlanması ile ilgili I. Yargılamada ileri sürülmesine veya kendiliğinden hükme geçirilmesi gereken hususlarda başvurulabilir. II. Taraflardan her biri, nihai kararın tebliğinden itibaren üç ay içinde başvurabilir. III. Bu karara karşı kanun yoluna başvurulabilir. Hangileri doğrudur?",I ve III,hukuk,6100 sayılı Hukuk Muhakemeleri Kanunu,HMGS 2025 3. Sınav,8
Aşağıdakilerden hangisi 6100 sayılı HMK’da basit yargılama usulüne tabi dava ve işler arasında sayılmamıştır?,Taşınmazın aynına ilişkin uyuşmazlıklardan doğan dava ve işler,hukuk,6100 sayılı Hukuk Muhakemeleri Kanunu,HMGS 2025 3. Sınav,8
"6100 sayılı Hukuk Muhakemeleri Kanunu’na göre mahkeme, fiilî engel veya güvenlik sebebiyle duruşmanın il sınırları içinde başka bir yerde yapılmasına aşağıdakilerden hangisinin uygun görüşünü alarak karar verebilir?",Yargı çevresi içinde yer aldığı bölge adliye mahkemesi adalet komisyonunun,hukuk,6100 sayılı Hukuk Muhakemeleri Kanunu,HMGS 2025 3. Sınav,8
6100 sayılı Hukuk Muhakemeleri Kanunu’na göre ihtiyati tedbirde teminat ile ilgili aşağıdaki ifadelerden hangisi yanlıştır?,İhtiyati tedbir kararının uygulanması sebebiyle menfaati açıkça ihlal edilen üçüncü kişiler teminata itiraz edemez.,hukuk,6100 sayılı Hukuk Muhakemeleri Kanunu,HMGS 2025 3. Sınav,8
6100 sayılı Hukuk Muhakemeleri Kanunu’na göre aşağıdakilerden hangisi ön sorunlar hakkındaki usule göre incelenmez?,Islah talebi,hukuk,6100 sayılı Hukuk Muhakemeleri Kanunu,HMGS 2025 3. Sınav,8
6100 sayılı Hukuk Muhakemeleri Kanunu’na göre yetki itirazının ileri sürülmesi ile ilgili aşağıdaki ifadelerden hangisi yanlıştır?,"Yetkinin kesin olmadığı davalarda yetki itirazında bulunan taraf yetkili mahkemeyi göstermese de mahkeme, yetki itirazını dikkate almalıdır.",hukuk,6100 sayılı Hukuk Muhakemeleri Kanunu,HMGS 2025 3. Sınav,8
6100 sayılı Hukuk Muhakemeleri Kanunu’na göre aşağıdakilerden hangisi sulh hukuk mahkemelerinin görevleri arasında yer almaz?,Haksız el atmanın önlenmesi davalarına bakmak,hukuk,6100 sayılı Hukuk Muhakemeleri Kanunu,HMGS 2025 3. Sınav,8
"Ceyda, Eda’ya karşı açtığı alacak davasında avukat Şüheda’yı vekil tayin etmiştir… Bu olayla ilgili aşağıdaki ifadelerden hangisi yanlıştır?","Feragat, mutlaka dilekçe ile yazılı şekilde yapılması gerektiğinden geçersizdir.",hukuk,213 sayılı Vergi Usul Kanunu,HMGS 2025 3. Sınav,8
"6100 sayılı Hukuk Muhakemeleri Kanunu’na göre adli yardım ile ilgili hangileri doğrudur? I- Adli yardım, hükmün kesinleşmesine kadar devam eder. II- Mahkeme, adli yardım talebi hakkında duruşma yapmaksızın karar verebilir ancak talep hâlinde inceleme, duruşmalı olarak yapılır. III- Yargıtay’a temyiz başvurusu sırasında adli yardım talebi, sadece kararı veren ilk derece mahkemesine yapılır.",I ve II,hukuk,6100 sayılı Hukuk Muhakemeleri Kanunu,HMGS 2025 3. Sınav,8
6100 sayılı Hukuk Muhakemeleri Kanunu’na göre istinaf başvurusuna dair bu olayla ilgili aşağıdaki ifadelerden hangisi yanlıştır?,"Ece verilen süre içinde harç ve giderleri tamamlamadığı takdirde mahkeme, başvurudan vazgeçmiş sayılması kararı verir ve bu karara karşı istinaf yoluna başvurulamaz.",hukuk,6100 sayılı Hukuk Muhakemeleri Kanunu,HMGS 2025 3. Sınav,8
Ön inceleme kapsamında yapılacak iş/işlemler hangileridir? I- Gider avansının yatırılıp yatırılmadığını incelemek II- Tahkim itirazını incelemek III- İbranamedeki imzanın sahteliğine ilişkin olarak bilirkişiye başvurmak,I ve II,hukuk,6100 sayılı Hukuk Muhakemeleri Kanunu,HMGS 2025 3. Sınav,8
6100 sayılı HMK’ya göre ferî müdahil ile ilgili aşağıdaki ifadelerden hangisi yanlıştır?,"Üçüncü kişi, hüküm verilinceye kadar ferî müdahil olarak davada yer alabilir.",hukuk,6100 sayılı Hukuk Muhakemeleri Kanunu,HMGS 2025 3. Sınav,8
"2004 sayılı İİK’ya göre gecikmiş itiraz ile ilgili hangileri doğrudur? I- Gecikmiş itiraz, engelin ortadan kalktığı andan itibaren 7 gün içinde ileri sürülmelidir. II- Borçlu, gecikmiş itiraz ileri sürerken itiraz sebeplerini göstermek zorundadır. III- Borçlunun mazeretinin kabulü hâlinde alacaklı, aynı celsede itirazın kaldırılmasını sözlü olarak da isteyebilir.",II ve III,hukuk,2004 sayılı İcra ve İflas Kanunu,HMGS 2025 3. Sınav,8
2004 sayılı İİK’ya göre ihtiyati haciz isteyen alacaklının elinde aşağıdaki belgelerden hangileri varsa teminat aranmaz? I- Mahkeme ilamı II- Onaylama biçimindeki noter senedi III- Şekil şartlarına sahip bir bono,Yalnız I,hukuk,2004 sayılı İcra ve İflas Kanunu,HMGS 2025 3. Sınav,8
Kambiyo takibinde vadesi gelmemiş bono itirazı: Ferhat’ın başvuracağı yol hangisidir?,7 gün içinde şikâyet yoluyla icra mahkemesine başvurmalıdır.,hukuk,6102 sayılı Türk Ticaret Kanunu,HMGS 2025 3. Sınav,8
İcra müdürü konut olduğu anlaşılan yerde haciz: Doğru yol hangisidir?,Hacze devam etmeli ve borçluya icra mahkemesinde dava açması için üç gün süre vermelidir.,hukuk,2004 sayılı İcra ve İflas Kanunu,HMGS 2025 3. Sınav,8
İflasın kapanması ile ilgili aşağıdaki ifadelerden hangisi yanlıştır?,İflasın kapanması ile borçlunun müflislik sıfatı ortadan kalkar.,hukuk,HMGS,HMGS 2025 3. Sınav,8
Konkordatoda geçici mühlet ile ilgili aşağıdakilerden hangisi yanlıştır?,Mahkemece geçici mühletin resen uzatılmasına karar verilebilir.,hukuk,2004 sayılı İcra ve İflas Kanunu,HMGS 2025 3. Sınav,8
Bir suçun işlenmesinde başkasının araç olarak kullanılması aşağıdakilerden hangisiyle ifade edilir?,Dolaylı faillik,hukuk,HMGS,HMGS 2025 3. Sınav,8
H’nin üç dükkândan tehdit ile altın alması: Ceza sorumluluğu hangisidir?,Üç ayrı nitelikli yağma,hukuk,5237 sayılı Türk Ceza Kanunu,HMGS 2025 3. Sınav,8
Amaç unsurunu arayan suç tipi aşağıdakilerden hangisidir?,Göçmen kaçakçılığı,hukuk,HMGS,HMGS 2025 3. Sınav,8
Yanılmada kişi hatasıyla amcayı öldüren A’nın sorumluluğu nedir?,C’ye karşı kasten öldürme suçunun temel şeklinden sorumludur.,hukuk,HMGS,HMGS 2025 3. Sınav,8
5237 sayılı TCK’ya göre iddianamenin düzenlenmesinin zaman aşımına etkisi nedir?,Dava zaman aşımını keser.,hukuk,5237 sayılı Türk Ceza Kanunu,HMGS 2025 3. Sınav,8
İştirak hükümleriyle ilgili aşağıdakilerden hangisi yanlıştır?,Suça iştirak kuralları hem kasten hem taksirle işlenen suçlara uygulanır.,hukuk,HMGS,HMGS 2025 3. Sınav,8
Özel belgede sahtecilik konusunun hangilerinde resmî belgede sahtecilik hükümleri uygulanır? I- Tahvil II- Vasiyetname III- Kira sözleşmesi,I ve II,hukuk,6098 sayılı Türk Borçlar Kanunu,HMGS 2025 3. Sınav,8
A’nın yaraladığı B’nin eşyasını alan C’nin sorumluluğu nedir?,Hırsızlık ve yardım/bildirim yükümlülüğünü yerine getirmemek,hukuk,HMGS,HMGS 2025 3. Sınav,8
Kasten yaralamanın nitelikli hâli değildir?,Suçun eziyet çektirerek işlenmesi,hukuk,5237 sayılı Türk Ceza Kanunu,HMGS 2025 3. Sınav,8
CMK’ya göre koruma tedbirleri nedeniyle tazmin isteyemeyecek olan kimdir?,Yakalanıp/tutuklandıktan sonra kusur yeteneği yokluğundan ceza verilmesine yer olmadığına karar verilen,hukuk,5271 sayılı Ceza Muhakemesi Kanunu,HMGS 2025 3. Sınav,8
CMK’ya göre hangisinin varlığında beraat kararı verilir?,Failin kast veya taksirinin bulunmaması,hukuk,5271 sayılı Ceza Muhakemesi Kanunu,HMGS 2025 3. Sınav,8
Seri muhakeme usulü ile ilgili hangisi yanlıştır?,Suç iştirak hâlinde ise bazıları kabul etmese de biri kabul ederse uygulanır.,hukuk,5271 sayılı Ceza Muhakemesi Kanunu,HMGS 2025 3. Sınav,8
Gizli soruşturmacının konutta cep telefonuyla kayıt yapmasının hukuka aykırılık gerekçesi nedir?,İşlemin konutta gerçekleşmesi,hukuk,HMGS,HMGS 2025 3. Sınav,8
Aşağıdakilerden hangileri yeminsiz dinlenir? I- Dinleme sırasında 18 yaşını tamamlamış olanlar II- Ayırt etme gücü olmayanlar (yeminin önemini kavrayamayanlar) III- Suça iştirakten şüpheli olanlar,II ve III,hukuk,HMGS,HMGS 2025 3. Sınav,8
Her durumda ağır ceza mahkemesinde yargılanmayan suç hangisi?,Çocuğun kaçırılması ve alıkonulması,hukuk,HMGS,HMGS 2025 3. Sınav,8
4857 sayılı İş Kanunu’na göre yeni iş arama izni hakkında hangisi yanlıştır?,"İşveren, bu sürelerde çalıştırmazsa ücret kesebilir.",hukuk,4857 sayılı İş Kanunu,HMGS 2025 3. Sınav,8
İşe iade davası açma süresi (arabuluculuk son tutanağından itibaren) nedir?,2 hafta,hukuk,HMGS,HMGS 2025 3. Sınav,8
Engelli işçi çalıştırma zorunluluğu: Bu işyerinde en az kaç engelli işçi?,3,hukuk,4857 sayılı İş Kanunu,HMGS 2025 3. Sınav,8
Seferberlikte çalışma süresini artırma yetkisi kimdedir?,Cumhurbaşkanı,hukuk,4857 sayılı İş Kanunu,HMGS 2025 3. Sınav,8
Geçici iş ilişkisi kurulacak azami işçi sayısı (10 işçi istihdamı) nedir?,5,hukuk,4857 sayılı İş Kanunu,HMGS 2025 3. Sınav,8
5510 sayılı Kanun’a göre finansmanı sağlanan sağlık hizmetleri hangileridir? I- Geleneksel/tamamlayıcı/alternatif tıp uygulamaları II- Kişilere yönelik koruyucu sağlık hizmetleri III- Bağımlılığı önlemeye yönelik koruyucu sağlık hizmetleri,II ve III,hukuk,5510 sayılı Sosyal Sigortalar ve Genel Sağlık Sigortası Kanunu,HMGS 2025 3. Sınav,8
AŞ yönetim kurulu başkanının kârdan aldığı %8 pay hangi gelir unsurudur?,Menkul sermaye iradı,hukuk,HMGS,HMGS 2025 3. Sınav,8
Öz sermayenin 3 katını aşan borçlar ne olarak adlandırılır?,Örtülü sermaye,hukuk,HMGS,HMGS 2025 3. Sınav,8
MTV’de vergilemeye esas ölçülerden biri değildir?,Tekne boyu,hukuk,HMGS,HMGS 2025 3. Sınav,8
VUK’a göre resen tarh edilen ve dava konusu yapılmadan kesinleşen vergilerde uygulanacak nedir?,Her ay için gecikme zammı oranında gecikme faizi,hukuk,213 sayılı Vergi Usul Kanunu,HMGS 2025 3. Sınav,8
VUK’a göre hangi hallerde iştirak hükümleri uygulanabilir? I- Defter ve kayıtlarda muhasebe hilesi yapma II- Yevmiye defterini yok etme III- Tutulması zorunlu defteri tasdik ettirmeme,I ve II,hukuk,5237 sayılı Türk Ceza Kanunu,HMGS 2025 3. Sınav,8
6183 sayılı Kanun’a göre ferî nitelikte kamu alacakları hangileridir? I- Vergi ziyaı cezası II- Tecil faizi III- Gecikme zammı,II ve III,hukuk,213 sayılı Vergi Usul Kanunu,HMGS 2025 3. Sınav,8
Avukatlık Kanunu’na göre vekâlet bitince senetleri saklama yükümlülüğü ne kadar sürer?,3 ay,hukuk,213 sayılı Vergi Usul Kanunu,HMGS 2025 3. Sınav,8
Baronun organları arasında sayılmamıştır?,Baro genel sekreterliği,hukuk,1136 sayılı Avukatlık Kanunu,HMGS 2025 3. Sınav,8
Avukatın işi reddetmek zorunda olmadığı hâl hangisidir?,Evvelce o işle ilgili tanıklık yapmışsa,hukuk,213 sayılı Vergi Usul Kanunu,HMGS 2025 3. Sınav,8
“Ümran ilmi”nin kurucusu ve Mukaddime’nin yazarı kimdir?,İbni Haldun,hukuk,İbn Haldun / Hukuk ve Toplum Düşüncesi,HMGS 2025 3. Sınav,8
"Üçlü ritim, objektif ruh/soyut hak vb. eserleriyle tanınan düşünür kimdir?",Wilhelm Friedrich Hegel,hukuk,Hegel / Hukuk Felsefesi,HMGS 2025 3. Sınav,8
Metnin özeti niteliğindeki ifade hangisidir?,"Hukuk, toplumsal geleneklerle belli bir uyum içindedir.",hukuk,HMGS,HMGS 2025 3. Sınav,8
Osmanlı’da yargıya gözlemci olarak katılan kadı yardımcısı kimdir?,Şuhüdü’l-hal,hukuk,Hukuk Tarihi,HMGS 2025 3. Sınav,8
Osmanlı’daki anayasal gelişmelerin kronolojik sırası hangisidir?,Sened-i İttifak – Tanzimat Fermanı – Islahat Fermanı,hukuk,Hukuk Tarihi,HMGS 2025 3. Sınav,8
Kişinin evlatları ve soyundan gelenler için kurduğu vakıf türü nedir?,Zürrî vakıf,hukuk,Hukuk Tarihi,HMGS 2025 3. Sınav,8
Türkiye’de uluslararası antlaşmaların onaylanması kimin kararıyla olur?,Cumhurbaşkanı,hukuk,Uluslararası Hukuk,HMGS 2025 3. Sınav,8
Birleşmiş Milletlerin başlıca yargı organı hangisidir?,Uluslararası Adalet Divanı,hukuk,Uluslararası Hukuk,HMGS 2025 3. Sınav,8
Antlaşmadaki “daha avantajlı gümrük oranı uygulanır” hükmünün niteliği nedir?,En çok gözetilen ulus kaydı,hukuk,Uluslararası Hukuk,HMGS 2025 3. Sınav,8
Yabancı devlet hizmetinde gönüllü askerlik yapan A’nın vatandaşlığının kaybettirilmesine kim karar verir?,Cumhurbaşkanı,hukuk,Uluslararası Hukuk,HMGS 2025 3. Sınav,8
YUKK’a göre uluslararası koruma statüsünü sona erdirmeyen hâl hangisidir?,Başvuru tarihinden 6 ay içinde çalışma izni başvurusu yapmamak,hukuk,6458 sayılı Yabancılar ve Uluslararası Koruma Kanunu,HMGS 2025 3. Sınav,8
MÖHUK’a göre yabancı mahkeme kararlarının tenfizi hakkında doğru ifade hangisidir?,"Tenfiz isteminin reddine ilişkin kararların temyizi, hükmün yerine getirilmesini durdurur.",hukuk,HMGS,HMGS 2025 3. Sınav,8
AİHS’e göre olağanüstü hâllerde dahi askıya alınamaz olanlar hangileridir? I- İşkence yasağı II- Zorla çalıştırma yasağı III- Meşru savaş fiilleri dışında yaşam hakkı,I ve III,hukuk,Avrupa İnsan Hakları Sözleşmesi,HMGS 2025 3. Sınav,8
AİHM İç Tüzüğü’nde yargılama sonuna kadar telafisi imkânsız zararları önlemeye yönelik düzenleme hangisidir?,Geçici tedbir,hukuk,Avrupa İnsan Hakları Mahkemesi,HMGS 2025 3. Sınav,8
AİHS ve AİHM içtihatlarına göre kim bireysel başvuruda bulunamaz?,Kamu hukuku tüzel kişileri,hukuk,Avrupa İnsan Hakları Sözleşmesi,HMGS 2025 3. Sınav,8
